Workbook

Sheet LDP
A1: Projeto | B1: Fase | C1: Tipo de Doc | D1: Código | E1: Revisão | F1: Disciplina | G1: Titulo | H1: Status Documento | I1: Status Emissão | J1: Nº GRDT de Envio TP | K1: Nº PCF | L1: Data Emissão TP
A2: TP25 - NAVIOS HANDY CLASSE 80 | B2: BASICO | C2: CR | D2: I-CR-4880.00-1200-000-CZ1-001 | E2: 0 | F2: CONSTRUCAO - TESTES E COMISSIONAMENTOS | G2: COMMISSIONING PLAN | H2: Não Recebido | I2: Não Recebido

Sheet MEDIÇÃO
A2: Tipo de Docs | B2: Nº de Docs Por Tipo | C2: Valor Medição | D2: Emitido | E2: Emitir | F2: Revisar | G2: Não Recebido | H2: Valor Medir Emitidos | I2: Valor Medir Emitir | J2: Valor Medir Revisar | K2: Valor Não Medido | L2: Valor total Medir
A3: CR | B3: =COUNTIFS(LDP!C:C,MEDIÇÃO!A3) -> 1 | C3: =B3*$B$17 -> 978.99516 | D3: =COUNTIFS(LDP!C:C,MEDIÇÃO!A3,LDP!I:I,MEDIÇÃO!$D$2) -> 0 | E3: =COUNTIFS(LDP!C:C,MEDIÇÃO!A3,LDP!I:I,MEDIÇÃO!$E$2) -> 0 | F3: =COUNTIFS(LDP!C:C,MEDIÇÃO!A3,LDP!I:I,MEDIÇÃO!$F$2) -> 0 | G3: =COUNTIFS(LDP!C:C,MEDIÇÃO!A3,LDP!I:I,MEDIÇÃO!$G$2) -> 1 | H3: =D3*$B$17 -> 0 | I3: =E3*$B$17 -> 0 | J3: =F3*$B$17 -> 0 | K3: =G3*$B$17 -> 978.99516 | L3: =H3+I3+J3 -> 0
A4: DE | B4: =COUNTIFS(LDP!C:C,MEDIÇÃO!A4) -> 0 | C4: =B4*$B$17 -> 0 | D4: =COUNTIFS(LDP!C:C,MEDIÇÃO!A4,LDP!I:I,MEDIÇÃO!$D$2) -> 0 | E4: 0 | F4: 0 | G4: =COUNTIFS(LDP!C:C,MEDIÇÃO!A4,LDP!I:I,MEDIÇÃO!$G$2) -> 0 | H4: =D4*$B$17 -> 0 | I4: =E4*$B$17 -> 0 | J4: =F4*$B$17 -> 0 | K4: =G4*$B$17 -> 0 | L4: =H4+I4+J4 -> 0
A5: ET | B5: =COUNTIFS(LDP!C:C,MEDIÇÃO!A5) -> 0 | C5: =B5*$B$17 -> 0 | D5: =COUNTIFS(LDP!C:C,MEDIÇÃO!A5,LDP!I:I,MEDIÇÃO!$D$2) -> 0 | E5: 0 | F5: 0 | G5: =COUNTIFS(LDP!C:C,MEDIÇÃO!A5,LDP!I:I,MEDIÇÃO!$G$2) -> 0 | H5: =D5*$B$17 -> 0 | I5: =E5*$B$17 -> 0 | J5: =F5*$B$17 -> 0 | K5: =G5*$B$17 -> 0 | L5: =H5+I5+J5 -> 0
A6: LD | B6: =COUNTIFS(LDP!C:C,MEDIÇÃO!A6) -> 0 | C6: =B6*$B$17 -> 0 | D6: =COUNTIFS(LDP!C:C,MEDIÇÃO!A6,LDP!I:I,MEDIÇÃO!$D$2) -> 0 | E6: 0 | F6: 0 | G6: =COUNTIFS(LDP!C:C,MEDIÇÃO!A6,LDP!I:I,MEDIÇÃO!$G$2) -> 0 | H6: =D6*$B$17 -> 0 | I6: =E6*$B$17 -> 0 | J6: =F6*$B$17 -> 0 | K6: =G6*$B$17 -> 0 | L6: =H6+I6+J6 -> 0
A7: LI | B7: =COUNTIFS(LDP!C:C,MEDIÇÃO!A7) -> 0 | C7: =B7*$B$17 -> 0 | D7: =COUNTIFS(LDP!C:C,MEDIÇÃO!A7,LDP!I:I,MEDIÇÃO!$D$2) -> 0 | E7: 0 | F7: 0 | G7: =COUNTIFS(LDP!C:C,MEDIÇÃO!A7,LDP!I:I,MEDIÇÃO!$G$2) -> 0 | H7: =D7*$B$17 -> 0 | I7: =E7*$B$17 -> 0 | J7: =F7*$B$17 -> 0 | K7: =G7*$B$17 -> 0 | L7: =H7+I7+J7 -> 0
A8: MA | B8: =COUNTIFS(LDP!C:C,MEDIÇÃO!A8) -> 0 | C8: =B8*$B$17 -> 0 | D8: =COUNTIFS(LDP!C:C,MEDIÇÃO!A8,LDP!I:I,MEDIÇÃO!$D$2) -> 0 | E8: 0 | F8: 0 | G8: =COUNTIFS(LDP!C:C,MEDIÇÃO!A8,LDP!I:I,MEDIÇÃO!$G$2) -> 0 | H8: =D8*$B$17 -> 0 | I8: =E8*$B$17 -> 0 | J8: =F8*$B$17 -> 0 | K8: =G8*$B$17 -> 0 | L8: =H8+I8+J8 -> 0
A9: MC | B9: =COUNTIFS(LDP!C:C,MEDIÇÃO!A9) -> 0 | C9: =B9*$B$17 -> 0 | D9: =COUNTIFS(LDP!C:C,MEDIÇÃO!A9,LDP!I:I,MEDIÇÃO!$D$2) -> 0 | E9: 0 | F9: 0 | G9: =COUNTIFS(LDP!C:C,MEDIÇÃO!A9,LDP!I:I,MEDIÇÃO!$G$2) -> 0 | H9: =D9*$B$17 -> 0 | I9: =E9*$B$17 -> 0 | J9: =F9*$B$17 -> 0 | K9: =G9*$B$17 -> 0 | L9: =H9+I9+J9 -> 0
A10: MD | B10: =COUNTIFS(LDP!C:C,MEDIÇÃO!A10) -> 0 | C10: =B10*$B$17 -> 0 | D10: =COUNTIFS(LDP!C:C,MEDIÇÃO!A10,LDP!I:I,MEDIÇÃO!$D$2) -> 0 | E10: 0 | F10: 0 | G10: =COUNTIFS(LDP!C:C,MEDIÇÃO!A10,LDP!I:I,MEDIÇÃO!$G$2) -> 0 | H10: =D10*$B$17 -> 0 | I10: =E10*$B$17 -> 0 | J10: =F10*$B$17 -> 0 | K10: =G10*$B$17 -> 0 | L10: =H10+I10+J10 -> 0
A11: PR | B11: =COUNTIFS(LDP!C:C,MEDIÇÃO!A11) -> 0 | C11: =B11*$B$17 -> 0 | D11: =COUNTIFS(LDP!C:C,MEDIÇÃO!A11,LDP!I:I,MEDIÇÃO!$D$2) -> 0 | E11: 0 | F11: 0 | G11: =COUNTIFS(LDP!C:C,MEDIÇÃO!A11,LDP!I:I,MEDIÇÃO!$G$2) -> 0 | H11: =D11*$B$17 -> 0 | I11: =E11*$B$17 -> 0 | J11: =F11*$B$17 -> 0 | K11: =G11*$B$17 -> 0 | L11: =H11+I11+J11 -> 0
A12: PT | B12: =COUNTIFS(LDP!C:C,MEDIÇÃO!A12) -> 0 | C12: =B12*$B$17 -> 0 | D12: =COUNTIFS(LDP!C:C,MEDIÇÃO!A12,LDP!I:I,MEDIÇÃO!$D$2) -> 0 | E12: 0 | F12: 0 | G12: =COUNTIFS(LDP!C:C,MEDIÇÃO!A12,LDP!I:I,MEDIÇÃO!$G$2) -> 0 | H12: =D12*$B$17 -> 0 | I12: =E12*$B$17 -> 0 | J12: =F12*$B$17 -> 0 | K12: =G12*$B$17 -> 0 | L12: =H12+I12+J12 -> 0
A13: RL | B13: =COUNTIFS(LDP!C:C,MEDIÇÃO!A13) -> 0 | C13: =B13*$B$17 -> 0 | D13: =COUNTIFS(LDP!C:C,MEDIÇÃO!A13,LDP!I:I,MEDIÇÃO!$D$2) -> 0 | E13: 0 | F13: 0 | G13: =COUNTIFS(LDP!C:C,MEDIÇÃO!A13,LDP!I:I,MEDIÇÃO!$G$2) -> 0 | H13: =D13*$B$17 -> 0 | I13: =E13*$B$17 -> 0 | J13: =F13*$B$17 -> 0 | K13: =G13*$B$17 -> 0 | L13: =H13+I13+J13 -> 0
A14: Total Geral | B14: 576 | C14: =SUM(C3:C13) -> 978.99516 | D14: =SUM(D3:D13) -> 0 | E14: =SUM(E3:E13) -> 0 | F14: =SUM(F3:F13) -> 0 | G14: =SUM(G3:G13) -> 1 | H14: =SUM(H3:H13) -> 0 | I14: =SUM(I3:I13) -> 0 | J14: =SUM(J3:J13) -> 0 | ... L14: =SUM(L3:L13) -> 0
K15: Dolar $ | L15: =L14 -> 0
A16: Total de 575 Docs | B16: Valor por Doc | G16: Item EAP | K16: Reais R$ | L16: =L15*5.76 -> 0
A17: 563901.21 | B17: =A17/B14 -> 978.99516 | G17: 1.1.1.1 | H17: EMISSÃO DE PLANOS
A18: =A17*5.76 -> 3248071
G19: Dolar $ | H19: Real R$
F20: 4 navios | G20: =G21*4 -> 278000000 | H20: =G20*5.76 -> 1601280000
F21: 1 Navio | G21: 69500000 | H21: =G21*5.76 -> 400320000
A22: Legenda
B23: Documentos Emitidos
B24: Documentos Recebido / Falta Emitir
B25: Documentos para Revisar e Emitir
B26: Documentos Não Recebidos
